3396054,219.90205833170774,-60.83399268831004,* alf Cen A,GALAH 140708001701306|TIC 471011145|2MASS J14393592-6050069|PLX 3309|SBC9 815|* alf Cen A|CCDM J14396-6050A|CPD-60  5483A|CSI-60  5483 41|GCRV  8517|GEN# +1.00128620A|GJ   559 A|HD 128620|HIC  71683|HIP  71683|HR  5459|IDS 14328-6025 A|LFT 1127|LHS    50|LTT  5806|NLTT 37984|PM 14362-6038A|PPM 360911|SKY# 26645|SPOCS  610|TD1 17606|Zkh 209|WDS J14396-6050A|TYC 9007-5849-1|PMSC 14328-6025A|* alf01 Cen|** RHD    1A|CD-60  5293A|WEB 12354|NAME Rigel Kentaurus|NAME Rigil Kentaurus
3396297,219.89609628987276,-60.83752756558407,* alf Cen B,TIC 471011144|RAVE J143935.1-605014|* alf Cen B|* alf02 Cen|CCDM J14396-6050B|CPD-60  5483B|CSI-60  5483 42|GCRV  8518|GEN# +1.00128621|GJ   559 B|HD 128621|HIC  71681|HIP  71681|HR  5460|IDS 14328-6025 B|LFT 1128|LHS    51|LTT  5807|NLTT 37985|PM 14362-6038B|SKY# 26644|SPOCS  609|Zkh 210|[AOP94]  7|WDS J14396-6050B|TYC 9007-5848-1|PMSC 14328-6025B|** RHD    1B|CD-60  5293B|NAME Toliman
3420267,332.05826969609114,-46.96097438191952,* alf Gru,Gaia DR3 6560604777055249536|Gaia DR2 6560604777053880704|TIC 279316667|PLX 5339|* alf Gru|CCDM J22082-4658A|CD-47 14063|CEL   5438|CPC  0 19748|CPD-47  9830|CSI-47 14063 21|CSV 103076|FK5  829|GC 30942|GCRV 13901|GEN# +1.00209952|GJ  9767|GJ   848.2|HD 209952|HIC 109268|HIP 109268|HR  8425|IDS 22019-4727 A|IRAS 22051-4712|JP11  3451|LTT  8869|N30 4875|NAME Alnair|NLTT 52990|NSV 14040|PPM 327928|ROT  3215|SACS 483|SAO 230992|SKY# 42171|TD1 28783|UBV   18893|UBV M  26132|[CS62] E9  70|uvby98 100209952|2MASS J22081397-4657393|ALS 15069|PLX 5339.00|EXO 2205.1-4712|WDS J22082-4658A|TYC 8438-1959-1|WEB 19636
3438793,220.4823157775,-47.38819874611111,* alf Lup,Gaia DR3 5905821894507108864|TIC 129117325|* alf Lup|CCDM J14419-4723A|CD-46  9501|CPC  0 12549|CPD-46  6927|CSI-46  9501 21|FK5  541|GC 19774|GCRV  8536|GEN# +1.00129056|GSC 08283-04134|HD 129056|HGAM   2025|HIC  71860|HIP  71860|HR  5469|IDS 14353-4658 A|IRAS 14385-4710|JP11  2524|N30 3316|PPM 319805|ROT  2098|SACS 316|SAO 225128|SKY# 26711|TD1 17625|TYC 8283-4134-1|UBV   12788|UBV M  20295|V* alf Lup|[B10]  3745|[CS62] E6  89|2MASS J14415577-4723174|ALS 15001|EUVE J1441-47.3|1RXS J144156.3-472332|WDS J14419-4723A|uvby98 100129056|WEB 12374
2715185,263.73362272030505,12.560037391671425,* alf Oph,Gaia DR3 4493746564376875520|WISE J173456.17+123330.2|TIC 289643770|PLX 4000|LSPM J1734+1233|ASCC  965558|USNO-B1.0 1025-00347133|* alf Oph|*  55 Oph|2E  3921|AG+12 1827|BD+12  3252|CCDM J17349+1234A|CSV 101982|CSV 101662|FK5  656|GAT 1321|GC 23837|GCRV 10159|GEN# +1.00159561|GJ   681|HD 159561|HIC  86032|HIP  86032|HR  6556|IRAS 17326+1235|IRC +10331|JP11  2871|LTT 15218|N30 3915|NAME Rasalhague|NLTT 45084|NSV  9189|PMC 90-93   465|PPM 133563|ROT  2468|SAO 102932|SKY# 31749|SRS  30656|TD1 20664|UBV   14978|UBV M  22280|[GS83]  83|uvby98 100159561|2MASS J17345606+1233361|PLX 4000.00|1E 1732.6+1200|1RXS J173456.3+123344|2E 1732.6+1235|TYC 1000-2508-1|* alf Oph A|WEB 14516|* alf Oph B|** MCY    4|WDS J17349+1234AB
1152728,6.5710475153919266,-42.305987194396046,* alf Phe,Gaia DR3 4993479684438433792|UCAC4 239-000445|GEN# +1.00002261|TIC 80256524|2MASS J00261699-4218216|PLX   71|SBC9 21|* alf Phe|CD-42   116|CPC  0   173|CPD-42    34|Ci 20   32|FK5   12|GC   519|GCRV   237|GJ  9013|GSC 07527-01031|HD   2261|HIC   2081|HIP   2081|HR    99|IRAS 00238-4234|JP11   384|LTT   231|N30   77|NLTT  1388|PPM 304876|RAFGL   64|SAO 215093|SBC7    16|SKY#   732|TD1   223|TYC 7527-1031-1|UBV     321|NAME Ankaa|uvby98 100002261|WEB   393
3400251,252.1662295073803,-69.02771184691984,* alf TrA,TIC 364216056|PLX 3802|* alf TrA|CPC 21.1  3219|CPD-68  2822|FK5  625|GC 22558|GCRV  9640|GEN# +1.00150798|HD 150798|HIC  82273|HIP  82273|HR  6217|IRAS 16433-6856|N30 3745|PPM 362330|SAO 253700|SKY# 30264|TD1 19468|UBV   14160|UBV M  21635|[L91b] 270|PLX 3802.00|TYC 9275-3641-1|1RXS J164840.4-690138|2MASS J16483989-6901398|2XMM J164840.1-690139|** WFC  179A|WDS J16487-6902A|NAME Atria|WEB 13888
3192543,138.29990608310192,-69.71720759721548,* bet Car,TIC 290374453|PLX 2213|* bet Car|CD-69   600|CEL   3237|CPC 21.1  1479|CPD-69  1023|FK5  348|GC 12764|GCRV  6042|GEN# +1.00080007|GJ  9292|GJ   339.2|HD  80007|HIC  45238|HIP  45238|HR  3685|IRAS 09126-6930|JP11  1790|N30 2196|NLTT 21307|PPM 357200|ROT  1459|SAO 250495|SKY# 17778|TD1 13760|UBV    8872|UBV M  15259|uvby98 100080007|2MASS J09131197-6943017|PLX 2213.00|TYC 9200-2603-1|NAME Miaplacidus|WEB  8622
1296450,10.897378736003901,-17.98660631592891,* bet Cet,TIC 114434141|2MASS J00433536-1759117|PLX  134|* bet Cet|*  16 Cet|1AXG J004337-1759|2E   163|2E 0041.0-1815|2RE J004335-175907|2RE J0043-175|BD-18   115|CSV 100058|FK5   22|GC   865|GCRV   396|GEN# +1.00004128|GJ    31|HD   4128|HIC   3419|HIP   3419|HR   188|IRAS 00410-1815|IRC -20010|JP11   410|LTT   398|N30  146|NLTT  2380|NSV   272|PMC 90-93    16|PPM 209214|RAFGL  106|RBS   103|RE J0043-175|RE J004335-175912|ROT   127|SACS  11|SAO 147420|SKY#  1137|SV* ZI    38|TD1   399|UBV     582|YZ 108   175|PLX  134.00|1ES 0041-18.2|1RXS J004335.3-175911|2EUVE J0043-17.9|EUVE J0043-17.9|RX J0043.5-1759|TYC 5847-2333-1|NAME Diphda|WEB   604
3312681,191.9302865619529,-59.68877199622606,* bet Cru,TIC 405567821|SBC9 2446|* bet Cru|CCDM J12478-5940A|CEL   4154|CPC 20  3932|CPD-59  4451|CSI-59  4451 41|FK5  481|GC 17374|GCRV  7661|GEN# +1.00111123|GSC 08659-03107|HD 111123|HGAM   2011|HIC  62434|HIP  62434|HR  4853|IDS 12419-5908 A|JP11  2298|N30 2947|NAME Mimosa|PPM 341305|ROT  1887|SAO 240259|SKY# 23820|TD1 16475|TYC 8659-3107-1|UBV   11480|UBV M  18628|V* bet Cru|[B10]  3328|2MASS J12474326-5941194|ALS 14974|PLX 2941.01|EUVE J1247-59.6|1RXS J124742.5-594125|WDS J12477-5941A|IRAS 12448-5925|AKARI-IRC-V1 J1247432-594119|uvby98 100111123|WEB 11084|[KCS2016] J124743.26-594119.5|CXOU J124743.8-594121
3388654,340.66687612556166,-46.884576444824646,* bet Gru,TIC 44577667|PLX 5494|* bet Gru|AAVSO 2236-47|CD-47 14308|CPC  0 20068|CPD-47  9896|CSV   8784|FK5  856|GC 31685|GCRV 14260|GEN# +1.00214952|GSC 08446-01644|HD 214952|HIC 112122|HIP 112122|HR  8636|IRAS 22396-4708|JP11  3525|N30 4995|PPM 328536|RAFGL 4292|SAO 231258|SKY# 43170|TD1 29274|TYC 8446-1644-1|UBV   21723|UBV M  26556|V* bet Gru|[CS62] E9  78|[DS98] 327|2MASS J22424003-4653044|PLX 5494.00|NAME Tiaki|WEB 20008
2482381,240.08335534565887,-22.621706426005783,* del Sco,TIC 12725034|SBC9 1837|*   7 Sco|* del Sco|2E  3547|AAVSO 1554-22|BD-22  4068|CD-22 11292|CEL   4410|CPD-22  6106|FK5  594|GC 21489|GCRV  9202|GEN# +1.00143275|GSC 06779-02194|HD 143275|HGAM   2047|HIC  78401|HIP  78401|HR  5953|IRAS 15573-2228|IRC -20303|JP11  2695|MCW  556|N30 3589|PMC 90-93   424|PPM 264979|ROT  2261|SAO 184014|SKY# 28887|SRS  30594|TD1 18743|TYC 6779-2194-1|UBV M  21080|UBV   13563|USco 45|[B10]  4066|[SC96] Oph  24|uvby98 100143275|2MASS J16002000-2237180|ALS 14815|1RXS J160018.3-223707|2E 1557.3-2228|EUVE J1600-22.6|RX J160022.9-223724|WDS J16003-2237AB|V* del Sco|** LAB    3|PMSC 15544-2220Aabc|CCDM J16003-2237AB|NAME Dschubba|WEB 13251|[KCS2016] J160020.01-223718.1|WISEA J160019.99-223718.2
5613427,131.1759432625,-54.70882101944444,* del01 Vel,** SHY   49A|** HJ 4136A|GEN# +1.00074956|WEB  8293|PMSC 08419-5420|WDS J08447-5443AB|2E 0843.3-5431|2MASS J08444223-5442313|UBV M  14708|UBV    8508|TD1 13061|SKY# 16780|SAO 236232|PPM 337198|N30 2047|JP11  1716|IRAS 08433-5431|HR  3485|HIP  42913|HIC  42913|HD  74956|GSC 08573-03571|GCRV  5781|GC 12069|CSI-54  1788 44|CSI-54  1788 41|CPD-54  1788|CPC 19  3104|CEL   2852|CD-54  2351|AAVSO 0842-54|2E  2046|1RXS J084443.0-544226|1C 32.25|* del Vel|PLX 2098|V* del Vel|TIC 45696212|TYC 8573-3571-1|CCDM J08448-5442A|IDS 08419-5420 A|WDS J08447-5443A|PMSC 08419-5420A|** I   10A|** KEL    1|* del01 Vel|GJ   321.3 A|GJ  9278 A|* del Vel A|HD  74956A|CD-54  2351A|WDS J08447-5443Aa,Ab|NAME Alsephina
3048338,125.62848024272952,-59.509484191917416,* eps Car,TIC 342884451|2MASS J08223082-5930340|* eps Car|CPC 20  2212|CPD-59  1032|FAUST 2427|FK5  315|GC 11463|GCRV  5546|GEN# +1.00071129|GSC 08579-02692|HIC  41037|HIP  41037|HR  3307|IRAS 08214-5920|JP11  1671|N30 1949|NSV  4058|PPM 336856|SACS 185|SAO 235932|SKY# 15897|TD1 12403|UBV    8042|UBV M  14307|WDS J08225-5931AB|NAME Avior|** HDS 1190|CCDM J08225-5931AB
3376211,204.97190723090242,-53.466391146088995,* eps Cen,TIC 241398115|* eps Cen|CCDM J13399-5328A|CD-52  5743|CEL   4275|CPC 19  5136|CPD-52  6655|CSI-52  6655 41|FK5  504|GC 18458|GCRV  8073|GEN# +1.00118716|GSC 08663-02929|HD 118716|HIC  66657|HIP  66657|HR  5132|IDS 13335-5257 A|JP11  2411|N30 3113|PPM 342130|ROT  7271|SACS 296|SAO 241047|SKY# 25117|TYC 8663-2929-1|UBV   12227|UBV M  19592|V* eps Cen|[B10]  3521|ALS 14981|EUVE J1339-53.4|WDS J13399-5328A|uvby98 100118716|WEB 11756|IRAS 13366-5312|AKARI-IRC-V1 J1339532-532759|1RXS J133952.7-532745|2MASS J13395324-5327590
2933504,311.5528431704166,33.97025692388889,* eps Cyg,TIC 232853959|PLX 4959|ASCC  627550|USNO-B1.0 1239-00446554|* eps Cyg|*  53 Cyg|ADS 14274 A|AG+33 2000|BD+33  4018|CCDM J20462+3358A|CSI+33  4018  1|Ci 20 1229|FK5  780|GC 28959|GCRV 13020|HD 197989|HIC 102488|HIP 102488|HR  7949|IDS 20422+3336 A|IRAS 20442+3347|IRC +30451|JP11  3274|LTT 16073|N30 4592|NLTT 49863|PMC 90-93   549|PPM  85489|RAFGL 2648|ROT  3035|SAO  70474|SKY# 39364|SRS  30780|TD1 27254|TYC 2695-4139-1|UBV   17995|UBV M  25157|uvby98 100197989 A|2MASS J20461266+3358128|LSPM J2046+3358E|LHS  5358b|WDS J20462+3358A|CSI+33  4018  2|LTT 16072|UBV   21446|[RHG95]  3250|LHS  5358a|GEN# +1.00197989|WDS J20462+3358Aa,Ab|** CHR  100|** STT  594A|** BU  676A|** LEP   96A|NAME Aljanah|WEB 18565|Gaia DR2 1869302503184405760|GJ  9707|GJ   806.1
2359912,252.54087838625,-34.29323159305555,* eps Sco,Gaia DR3 6026152137856166912|TIC 191437754|PLX 3823|* eps Sco|*  26 Sco|CD-34 11285|CPC 17  8806|CPD-34  6635|CSV 101607|Ci 20 1011|FK5  628|GC 22640|GCRV  9669|GEN# +1.00151680|GJ   639.1|GJ  9579|HD 151680|HIC  82396|HIP  82396|HR  6241|IRAS 16469-3412|JP11  2790|LFT 1303|LHS  3244|LPM 620|LTT  6711|N30 3757|NLTT 43615|NSV  7983|PM 16469-3412|PMC 90-93   449|PPM 295532|SACS 366|SAO 208078|SKY# 30312|SRS  30628|TD1 19558|TYC 7367-804-1|UBV   14234|UBV M  21690|2MASS J16500982-3417355|PLX 3823.00|1E 1646.9-3412|NAME Larawag|WEB 13910
980703,111.02375950100142,-29.303105508471724,* eta CMa,Gaia DR3 5605797194566011520|TIC 107415639|* eta CMa|*  31 CMa|CCDM J07240-2918A|CD-29  4328|CEL   1826|CPD-29  1680|FK5  283|GC  9886|GCRV  4922|GEN# +5.11210034|GSC 06550-04525|Glazar Pup   9|HD  58350|HIC  35904|HIP  35904|HR  2827|IDS 07201-2907 A|IRC -30091|JP11  4549|MCW  530|N30 1652|PMC 90-93   204|PPM 252311|ROT  1197|SAO 173651|SKY# 13479|SRS  30283|UBV    7173|UBV M  40655|V* eta CMa|uvby98 511210034|Cl Collinder  121    34|ALS 14888|WDS J07241-2918A|TYC 6550-4525-1|AKARI-IRC-V1 J0724057-291811|IRAS 07221-2912|2MASS J07240570-2918113|NAME Aludra|WEB  7150
3471875,218.8767673375,-42.15782521722222,* eta Cen,TIC 128116539|[JE82]  735|* eta Cen|AAVSO 1429-41|CD-41  8917|CPC  0 12445|CPD-41  6839|EM* MWC  232|FK5  537|GC 19656|GCRV  8493|GEN# +1.00127972|GSC 07814-03706|HD 127972|HD 127973|HIC  71352|HIP  71352|HR  5440|JP11  2516|N30 3301|PPM 319680|ROT  2088|SAO 225044|SKY# 26543|TD1 17567|TYC 7814-3706-1|UBV   12728|UBV M  20238|V* eta Cen|[B10]  3724|[CS62] E6  83|uvby98 100127972|2MASS J14353043-4209281|ALS 15000|EUVE J1435-42.2|IRAS 14323-4156|AKARI-IRC-V1 J1435304-420928|AKARI-FIS-V1 J1435303-420930|WEB 12321|Gaia DR2 6103094140452223872
132509,14.17721289375,60.71674002472222,* gam Cas,WISE J005642.67+604300.3|UCAC4 754-011026|Gaia DR3 426558460884582016|AT 0037+611|TIC 51962733|2MASS J00564251+6043002|[KRL2007b] 9|PLX  185|[JE82]   20|* gam Cas|*  27 Cas|1H 0053+604|1M 0050+592|1M 0050+60|1RXS J005642.0+604300|1XRS 00537+604|2S 0053+604|3A 0053+604|4U 0054+60|AAVSO 0050+60|AG+60  106|ALS  6407|BD+59   144|BSD   8-901|CSI+59   144  1|EM* MWC    9|FK5   32|GC  1117|GCRV   526|HD   5394|HR   264|INTREF    57|IRAS 00536+6026|IRC +60031|JP11   439|LS   I +60  133|MCW   46|N30  187|PMC 90-93    23|PPM  12597|RAFGL  133|SAO  11482|SKY#  1444|TD1   521|UBV     833|V* gam Cas|VDB   5|[BM83] X0053+604|[FS2003] 0031|[HFE83]   40|[KW97]  4-31|PLX  185.00|1ES 0053+60.4|EUVE J0056+60.7|PBC J0056.5+6043|SWIFT J0056.7+6043|** BU  499A|SWIFT J0056.5+6042|HIC   4427|HIP   4427|WEB   791|TYC 4017-2319-1|Gaia DR2 426558460877467776|** BU 1028A|PMSC 00507+6010A|GEN# +1.00005394|ADS   782 A|CCDM J00567+6043A|uvby98 100005394 A|WDS J00567+6043A
3296515,187.79149837560794,-57.11321345705891,* gam Cru,TIC 272314138|* gam Cru|CCDM J12312-5706A|CD-56  4504|CPC 20  3840|CPD-56  5272|CSV 101285|FK5  468|GC 17052|GCRV  7528|GEN# +1.00108903|GJ   470|HD 108903|HIC  61084|HIP  61084|HR  4763|IDS 12256-5633 A|IRAS 12283-5650|JP11  2226|LTT  4752|N30 2892|NLTT 30973|NSV  5672|PPM 341058|RAFGL 4150|SAO 240019|SKY# 23406|SV* BV   839|SV* ZI   944|UBV   11239|UBV M  18297|[DS98] 174|[L91b] 208|2MASS J12310993-5706474|WDS J12312-5707A|NAME Gacrux|TYC 8654-3422-1|WEB 10875
2994088,122.38312555977059,-47.336586329303486,* gam02 Vel,TIC 354825513|2MASS J08093195-4720115|SBC9 500|* gam Vel|* gam02 Vel|2E 0808.0-4711|2E  1936|ALS   980|CCDM J08095-4721A|CD-46  3840|CD-46  3847|CEL   2193|CPC  0  5440|CPD-46  2202|FK5  309|GC 11105|GCRV  5419|GEN# +1.00068273|GOS G262.80-07.69 01|GSC 08140-06533|GUM 12a|HD  68273|HIC  39953|HIP  39953|HR  3207|Hen 3-127|IDS 08065-4703 A|IRAS 08079-4711|JP11  1639|LS  980|MOST 0807-471|MR  12|N30 1888|PPM 312662|SACS 178|SAO 219504|SBC7   334|SKY# 15412|TYC 8140-6533-1|UBV    7815|V* gam02 Vel|WR  11|[ALL76] A|PLX 1940.01|1ES 0807-47.1|1RXS J080933.7-472027|WDS J08095-4720Aa,Ab|WDS J08095-4720A|** DUN   65A|** TOK    2|PMSC 08065-4702AP|PMSC 08065-4702Aab|PMSC 08065-4702A|2XMM J080931.9-472011|AT20G J080931-472011|NAME Regor|UCAC4 214-020008|WEB  7786
3101814,139.27252857166667,-59.275232029166666,* iot Car,Gaia DR3 5300300156538723328|1RXS J091707.8-591619|TIC 386296645|PLX 2222.1|* iot Car|CD-58  2529|CEL   3256|CPC 20  2542|CPD-58  1465|CSV   6705|FK5  351|GC 12831|GCRV  6067|GEN# +1.00080404|GSC 08595-03312|HD  80404|HIC  45556|HIP  45556|HR  3699|IRAS 09157-5903|JP11  1797|N30 2212|NSV  4444|PPM 337789|ROT  1461|SAO 236808|SKY# 17914|TD1 13795|TYC 8595-3312-1|UBV    8888|UBV M  15288|uvby98 100080404|2MASS J09170540-5916308|PLX 2222.10|NAME Aspidiske|WEB  8659
2348159,265.62198000035505,-39.02998307638737,* kap Sco,Gaia DR3 5961206940987571200|TIC 147868882|* kap Sco|CD-38 12137|CEL   4553|CPC 18  8904|CPD-38  6992|EUVE J1742-39.0|FK5  660|GC 23988|GCRV 10217|GEN# +1.00160578|GSC 07885-02065|HD 160578|HIC  86670|HIP  86670|HR  6580|JP11  2875|N30 3935|PMC 90-93   469|PPM 296701|ROT  2475|SACS 387|SAO 209163|SKY# 32005|SRS  30660|TD1 20794|TYC 7885-2065-1|UBV M  22326|UBV   15027|V* kap Sco|[B10]  4474|[SC95] ZET 507|[SC96] Mis  616|[SC96] GC 141|2MASS J17422928-3901479|ALS 15051|uvby98 100160578|WEB 14612|IRAS 17389-3900|1RXS J174229.2-390205
3062624,140.52840670833334,-55.01066713416667,* kap Vel,Gaia DR3 5310393535853560576|TIC 387106852|PLX 2237|SBC9 567|* kap Vel|CEL   3276|CPC 19  3421|CPD-54  2219|FK5  353|GC 12938|GCRV  6104|GEN# +1.00081188|GSC 08588-04200|HD  81188|HIC  45941|HIP  45941|HR  3734|IRAS 09205-5447|JP11  1809|N30 2228|PPM 337874|ROT  1470|SAO 236891|SBC7   377|SKY# 18088|TD1 13872|TYC 8588-4200-1|UBV    8967|UBV M  15354|[B10]  2526|uvby98 100081188|2MASS J09220681-5500386|ALS 14934|PLX 2237.00|Renson 23050|WEB  8713
3004244,136.99899113791412,-43.432590908860746,* lam Vel,TIC 31975064|PLX 2187|* lam Vel|CCDM J09080-4326A|CD-42  4990|CPC  0  7024|CPD-42  3366|CSI-42  4990 21|CSV   6689|FK5  345|GC 12623|GCRV  5989|GEN# +1.00078647|GSC 07689-02617|HD  78647|HIC  44816|HIP  44816|HR  3634|IDS 09043-4302 A|JP11  1770|N30 2164|PPM 313999|SACS 200|SAO 220878|SKY# 17613|TD1 13594|TYC 7689-2617-1|UBV    8792|V* lam Vel|[CS62] E4  76|uvby98 100078647|2MASS J09075977-4325571|PLX 2187.00|WDS J09080-4326A|NAME Suhail|WEB  8567
2246195,211.670614682339,-36.369954742511496,* tet Cen,TIC 179323446|PLX 3206|* tet Cen|*   5 Cen|CCDM J14067-3622A|CD-35  9260|CPC 18  6806|CPD-35  6109|CSI-35  9260 21|Ci 20  831|FK5  520|GC 19033|GCRV  8272|GEN# +1.00123139|GJ   539|HD 123139|HIC  68933|HIP  68933|HR  5288|IDS 14008-3553 A|IRAS 14037-3607|JP11  2468|LFT 1068|LHS  2858|LTT  5502|N30 3206|NLTT 36243|PM 14037-3607|PMC 90-93   370|PPM 292214|SACS 304|SAO 205188|SKY# 25816|SRS  30520|TD1 17252|TYC 7293-2215-1|UBV   12457|UBV M  19965|2MASS J14064097-3622113|PLX 3206.00|WDS J14067-3622A|NAME Menkent|WEB 12044
2319253,264.3297077207907,-42.99782799333082,* tet Sco,WISEA J173719.12-425952.1|TIC 17158018|PLX 3998|* tet Sco|CD-42 12312|CEL   4542|CPC  0 16458|CPD-42  7856|FK5  654|GC 23857|GCRV 10165|GEN# +1.00159532|GSC 07892-07679|HD 159532|HIC  86228|HIP  86228|HR  6553|IRAS 17337-4258|JP11  2866|N30 3918|NSV  9233|PPM 323186|ROT  2465|SAO 228201|SKY# 31826|TD1 20659|UBV   14975|UBV M  22276|[CS62] E7  88|[SC95] ZET 482|[SC96] Mis  563|uvby98 100159532|2MASS J17371913-4259522|PLX 3998.00|NAME Sargas|WEB 14543|WISE J173719.06-425951.7|* tet Sco A|HD 159532A|CD-42 12312A|** SEE  510A|CCDM J17373-4300A|WDS J17373-4300A|UCAC4 236-132816|TYC 7892-7679-1
11684864,24.428522833333336,-57.236752805555554,* alf Eri,TIC 230981971|TYC 8478-1395-1|2MASS J01374284-5714119|PLX  344|[JE82]   39|CD-57   316|GSC 08478-01395|NSV 15353|* alf Eri|CPC 20   447|CPD-57   334|EM* CDS  176|FK5   54|GC  1979|GCRV   916|GEN# +1.00010144|HD  10144|HIC   7588|HIP   7588|HR   472|IRAS 01358-5729|JP11   517|N30  335|PPM 331199|ROT   233|SAO 232481|SKY#  2444|TD1   938|UBV    1700|UBV M   8330|uvby98 100010144|ALS 16724|PLX  344.00|2XMM J013742.5-571413|V* alf Eri|NAME Achernar|WEB  1623
3360143,210.95585562281522,-60.373035161541594,* bet Cen,WISEA J140349.33-602223.1|TIC 328329822|PLX 3198|* bet Cen|2E  3163|CD-59  5054|CEL   4298|CPC 20.1  4149|CPD-59  5365|FK5  518|GC 18971|GCRV  8251|HD 122451|HIC  68702|HIP  68702|HR  5267|IRAS 14002-6008|N30 3189|NAME Agena|PPM 360515|ROT  2025|SACS 302|SAO 252582|SKY# 25751|TD1 17207|NAME Hadar|UBV   12426|V* bet Cen|[B10]  3615|2MASS J14034938-6022226|ALS 14992|PLX 3198.00|1RXS J140348.7-602242|2E 1400.2-6008|EUVE J1403-60.3|WEB 12025|GEN# +1.00122451|uvby98 100122451|* bet Cen A|TYC 9005-3919-1|** VOU   31A|WDS J14038-6022A|CCDM J14038-6022A|IDS 13568-5953 A|WISE J140349.31-602222.3|** RBT    1|WDS J14038-6022Aa,Ab
566010,206.88515734206297,49.31326672942533,* eta UMa,Gaia DR3 1510374147844219904|TIC 219033887|PLX 3147|* eta UMa|*  85 UMa|AG+49 1116|BD+50  2027|CEL   4281|CSV 101406|FK5  509|GC 18643|GCRV  8142|GEN# +1.00120315|GSC 03467-01257|HD 120315|HGAM    626|HIC  67301|HIP  67301|HR  5191|IRAS 13455+4933|IRC +50233|JP11  2433|N30 3141|NSV  6450|PMC 90-93   362|PPM  53742|RAFGL 4916S|ROT  1999|SAO  44752|SKY# 25304|SV* ZI  1023|TD1 17067|TYC 3467-1257-1|UBV   12316|UBV M  19728|[HFE83]  974|uvby98 100120315|2MASS J13473244+4918477|PLX 3147.00|EUVE J1347+49.2|NAME Alkaid|NAME Alcaid|WEB 11841
719377,68.9801627900154,16.5093023507718,* alf Tau,GALAH 141102003801353|AP J04355524+1630331|TIC 245873777|2MASS J04355524+1630331|PLX 1014|LSPM J0435+1630|ASCC  838711|USNO-B1.0 1065-00048822|* alf Tau|*  87 Tau|ADS  3321 A|AG+16  400|BD+16   629|CCDM J04359+1631A|CEL    436|CSI+16   629  1|CSV   6116|FK5  168|GC  5605|GCRV  2689|GEN# +1.00029139|GJ   171.1 A|GJ  9159 A|HD  29139|HIC  21421|HIP  21421|HR  1457|IDS 04302+1619 A|IRAS 04330+1624|IRC +20087|JP11   898|LTT 11462|N30  962|NAME Aldebaran|NLTT 13584|PMC 90-93   119|PPM 120061|RAFGL  601|ROT   655|SAO  94027|SKY#  7128|SRS  30168|TD1  3349|UBV    4426|UBV M  10223|V* alf Tau|YZ  16  1233|[B10]  1077|TYC 1266-1416-1|GSC 01266-01416|WDS J04359+1631A|GAT 1331|** BU  550A|** BU 1031A|** STF 4002A|uvby98 100029139|WEB  4111
219505,319.6448846972256,62.5855744637194,* alf Cep,Gaia DR3 2193192137376175488|TIC 417604820|*   5 Cep|PLX 5139|LSPM J2118+6235|ASCC  144910|2MASS J21183475+6235081|* alf Cep|AAVSO 2116+62|ADS 14858 A|AG+62 1226|BD+61  2111|CCDM J21186+6236A|CEL   5294|CSI+61  2111  1|FK5  803|GC 29848|GCRV 13408|GJ   826|HD 203280|HIC 105199|HIP 105199|HR  8162|IDS 21162+6210 A|IRC +60310|JP11  3335|N30 4712|NAME Alderamin|NSV 13660|PMC 90-93   563|PPM  22755|ROT  3108|SAO  19302|SKY# 40575|TD1 27973|UBV   18421|UBV M  25623|[HFE83] 1431|USNO-B1.0 1525-00356034|PLX 5139.00|WDS J21186+6235A|AKARI-IRC-V1 J2118349+623508|IRAS 21174+6222|uvby98 100203280|TYC 4252-1870-1|WEB 19106|1RXS J211837.1+623513|GEN# +1.00203280|** BU 1502A
1710355,154.99312733272745,19.84148521911754,* gam Leo,GEN# +1.00089484|TIC 95431294|* gam Leo|*  41 Leo|ADS  7724 AB|AG+20 1172|BD+20  2467|CCDM J10199+1951AB|CSI+20  2467  4|HIC  50583|HIP  50583|IDS 10145+2021 AB|UBV    9555|Pul -3  660026|WDS J10200+1950AB|** STF 1424AB|UCAC4 550-048977|2MASS J10195836+1950290|NAME Algieba|uvby98 100089484
51431,47.04221855625,40.95564667027778,* bet Per,Gaia DR2 239863001382455424|TIC 346783960|PLX  646|SBC9 158|SBC9 157|* bet Per|*  26 Per|1RXS J030810.0+405727|1XRS 03049+407|2E   724|2RE J0308+405|2RE J030809+405736|AAVSO 0301+40|AG+40  360|BD+40   673|CEL    301|CSI+40   673  1|FK5  111|GAT 1267|GC  3733|GCRV  1731|GEN# +1.00019356|GJ  9110|H 0307+40|HD  19356|HIC  14576|HIP  14576|HR   936|IRAS 03048+4045|IRC +40055|JP11   752|N30  636|NAME Algol|PMC 90-93    80|PPM  45864|RAFGL  443|RE J030810+405734|RE J0308+405|ROT   417|SAO  38592|SKY#  4684|TD1  1905|UBV   21464|UBV M   9337|V* bet Per|XSS J03089+4101|[B10]   708|[BM83] X0304+407|1E 0304.8+4045|1ES 0304+40.7|2E 0304.9+4045|2EUVE J0308+40.9|EUVE J0308+40.9|RX J0308.1+4057|2MASS J03081012+4057204|TYC 2851-2168-1|* bet Per B|* bet Per C|SBC7   114|SBC7   113|* bet Per A|NAME Algol B|NAME Algol C|WDS J03082+4057A|GJ  9110 A|IDS 03017+4034 A|CCDM J03082+4057A|WDS J03082+4057Aa,Ab|** LAB    2|** BU  526A|ADS  2362 A|PMSC 03017+4034A|2MAXI J0308+410|NAME Algol A|WEB  2833|WEB  2834
902003,99.42796042942895,16.399280426663772,* gam Gem,TIC 308056612|2MASS J06374273+1623574|PLX 1539|SBC9 410|* gam Gem|*  24 Gem|2E  1712|AG+16  651|BD+16  1223|CCDM J06377+1624A|CEL   1322|CSI+16  1223  1|FK5  251|GC  8633|GCRV  4280|GEN# +1.00047105|HD  47105|HGAM    543|HIC  31681|HIP  31681|HR  2421|IDS 06319+1629 A|IRC +20154|JP11  1408|N30 1440|NAME Alhena|PMC 90-93   182|PPM 122774|RAFGL  975|ROT  1062|SAO  95912|SKY# 11555|SRS  30251|TD1  7585|UBV    6564|UBV M  12269|[HFE83]  452|[SC93] 321|uvby98 100047105|PLX 1539.00|1E 0634.8+1627|1RXS J063742.7+162356|2E 0634.8+1626|TYC 1329-1746-1|WDS J06377+1624Aa,Ab|IRAS 06348+1626|Renson 12640|AKARI-IRC-V1 J0637427+162356|WEB  6349
530581,193.5072899675,55.95982295694445,* eps UMa,Gaia DR3 1576683529448755328|TIC 150387644|PLX 2964|* eps UMa|*  77 UMa|AAVSO 1249+56|AG+56  909|BD+56  1627|CEL   4168|CSV 101344|FK5  483|GC 17518|GCRV  7722|GEN# +1.00112185|GSC 03845-01190|HD 112185|HGAM    620|HIC  62956|HIP  62956|HR  4905|IRAS 12518+5613|IRC +60222|JP11  2330|N30 2976|NAME Alioth|PMC 90-93   342|PPM  33769|RAFGL 1584|ROT  1909|SAO  28553|SKY# 23986|TD1 16542|TYC 3845-1190-1|UBV   11641|UBV M  18813|V* eps UMa|[HFE83]  911|2MASS J12540170+5557349|PLX 2964.00|Renson 32580|** BLM    2|WDS J12540+5558AB|CCDM J12540+5558AB|uvby98 100112185|WEB 11163
9999,30.97480120653972,42.32972842352701,* gam01 And,TIC 292057658|HIC   9640|HIP   9640|AG+42  213|* gam And|BD+41   395|IRC +40034|JP11   581|RAFGL  294|IRAS 02008+4205|2MASS J02035397+4219471|NAME Almach|GEN# +1.00012533|PLX  424|SBC9 107|* gam And A|*  57 And A|* gam01 And|ADS  1630 A|CCDM J02039+4220A|CSI+41   395  2|FK5   73|GC  2477|GCRV  1133|GEN# +1.00012533A|HD  12533|HR   603|IDS 01578+4151 A|N30  426|PMC 90-93    51|ROT   289|SAO  37734|SKY#  3037|UBV M   8633|WDS J02039+4220A|TYC 2837-2311-1|PMSC 01578+4151A|CSI+41   395  1|WEB  2024|** STF  205A
799866,84.05338894077023,-1.2019191358333312,* eps Ori,1RXS J053619.2-011312|TIC 427451176|2MASS J05361280-0112070|PLX 1283|* eps Ori|*  46 Ori|2E  1411|AG-01  596|BD-01   969|CCDM J05363-0112A|CEL    852|CSI-01   969  1|EM* MWC  504|FK5  210|GC  6960|GCRV  3454|GEN# +1.00037128|HD  37128|HGAM    449|HIC  26311|HIP  26311|HR  1903|IDS 05311-0116 A|IRAS 05336-0113|IRC +00079|JP11  1181|MCW  342|N30 1204|NAME Alnilam|PMC 90-93   151|PPM 175945|RAFGL 4428S|ROT   885|SAO 132346|SKY#  9067|TD1  4963|UBV    5563|UBV M  11224|V* eps Ori|WH 328|[HFE83]  386|[SC93b] 326|ALS 14791|PLX 1283.00|1E 0533.6-0113|1RXS J053612.8-011201|2E 0533.6-0113|EUVE J0536-01.1|[KSP2003] J053612.85-011208.3|WDS J05362-0112A|TYC 4766-2450-1|Ced  55h|uvby98 100037128|WEB  5173
1634852,141.89684459585948,-8.658599531745583,* alf Hya,TIC 46799297|PLX 2247|* alf Hya|*  30 Hya|BD-08  2680|CCDM J09277-0841A|CSI-08  2680  1|CSV 101049|FK5  354|GC 13044|GCRV  6136|GEN# +1.00081797|GSC 05460-01592|HD  81797|HIC  46390|HIP  46390|HR  3748|IDS 09227-0814 A|IRAS 09251-0826|IRC -10217|JP11  1813|N30 2249|NAME Alphard|NSV  4496|PMC 90-93   253|PPM 192393|RAFGL 1353|ROT  1471|SACS 209|SAO 136871|SKY# 18272|SV* SVS    75|SV* P   621|TD1 13937|TYC 5460-1592-1|UBV    9023|UBV M  15411|YZ  98  3683|[HFE83]  657|[L91b] 151|2MASS J09273524-0839308|PLX 2247.00|WDS J09276-0840A|WEB  8768
2831152,233.6719500152086,26.714692780601993,* alf CrB,Gaia DR3 1222646935698492160|TIC 274945059|PLX 3519|SBC9 850|LSPM J1534+2642|ASCC  690485|2MASS J15344125+2642529|USNO-B1.0 1167-00260913|*   5 CrB|* alf CrB|AG+26 1496|BD+27  2512|FK5  578|GC 20947|GCRV  8990|GEN# +1.00139006|GJ  9524|GSC 02029-01690|HD 139006|HGAM    637|HIC  76267|HIP  76267|HR  5793|IRAS 15325+2652|IRC +30275|JP11  2622|N30 3502|NAME Alphecca|PMC 90-93   410|PPM 104146|ROT  2204|SAO  83893|SBC7   545|SKY# 28165|SRS  30578|TD1 18384|TYC 2029-1690-1|UBV   21417|UBV M  20847|V* alf CrB|[HFE83] 1115|PLX 3519.00|EUVE J1534+26.7|[ZEH2003] RX J1534.6+2642  1|RX J1534.6+2642|1RXS J153441.5+264252|* alf CrB A|* alf CrB B|uvby98 100139006|WEB 12948
1502055,2.0969161856756404,29.090431118059698,* alf And,TIC 427733653|2MASS J00082326+2905253|LSPM J0008+2905|ASCC  647497|USNO-B1.0 1190-00002295|PLX   12|SBC9 4|* alf And|* del Peg|*  21 And|ADS    94 A|AG+28   11|BD+28     4|CCDM J00083+2905A|CSI+28     4  1|EUVE J0008+29.0|FK5    1|GC   127|GCRV    62|GEN# +1.00000358|HD    358|HGAM      2|HIC    677|HIP    677|HR    15|IDS 00032+2832 A|IRC +30004|JP11   345|LTT 10039|N30   16|NAME Alpheratz|NAME Sirrah|NLTT   346|PMC 90-93     1|PPM  89441|ROT    58|SAO  73765|SBC7     4|SKY#   244|SRS  30001|TD1    31|UBV M   7157|UBV      52|V* alf And|YPAC   1|[HFE83]    4|ALS 16723|WDS J00084+2905Aa,Ab|TYC 1735-3180-1|GSC 01735-03180|UCAC3 239-808|Renson 50|AKARI-IRC-V1 J0008233+290524|IRAS 00057+2848|** MKT   11|WDS J00084+2905A|** H  532A|** JNN    1A|uvby98 100000358|WEB   113
2708379,297.69582729638694,8.868321196436963,* alf Aql,TIC 70257116|PLX 4665|LSPM J1950+0852|ASCC 1075038|USNO-B1.0 0988-00511792|* alf Aql|*  53 Aql|2E  4294|8pc 194.44|ADS 13009 A|AG+08 2636|BD+08  4236|CCDM J19508+0852A|CSI+08  4236  1|Ci 20 1169|FK5  745|GAT  549|GC 27470|GCRV 12193|GEN# +1.00187642|GJ   768|HD 187642|HIC  97649|HIP  97649|HR  7557|IDS 19459+0836 A|IRAS 19483+0844|IRC +10441|JP11  3142|LFT 1499|LHS  3490|LTT 15795|N30 4388|NAME Altair|NLTT 48314|NSV 24910|PM 19484+0844|PMC 90-93   530|PPM 168779|RAFGL 2463|ROT  2857|SAO 125122|SKY# 37134|TD1 25537|UBV M  24205|UBV   16885|USNO 891|Zkh 297|uvby98 100187642|2MASS J19504698+0852060|PLX 4665.00|1ES 1948+08.7|2E 1948.3+0844|1RXS J195047.0+085159|WDS J19508+0852A|TYC 1058-3399-1|GSC 01058-03399|V* alf Aql|AKARI-FIS-V1 J1950472+085209|2XMMi J195047.1+085208|WEB 17173
2401703,247.3519154198264,-26.432002611950832,* alf Sco,TIC 175934060|PLX 3741|* alf Sco|*  21 Sco|CD-26 11359|CMC  184415|CPD-26  5648|CSI-26 11359 21|Elia 2-74|FK5  616|GC 22157|GCRV  9479|GEN# +1.00148478|GSC 06803-02158|HIC  80763|HIP  80763|HR  6134|IRAS 16262-2619|IRC -30265|N30 3686|NAME Antares|PMC 90-93   439|PPM 265579|RAFGL 1863|ROT  2345|SAO 184415|SKY# 29714|SRS  30616|UBV M  21449|CSI-26 11359 23|TD1 19208|UBV   21661|2MASS J16292443-2625549|Ced 132|DG 141|LBN  1108|LBN 351.88+15.11|GN 16.26.3|VDB 107|GEN# +1.00148479|TYC 6803-2158-1|ADS 10074 A|CCDM J16294-2626A|WDS J16294-2626A|* alf Sco A|V* alf Sco|AAVSO 1623-26|HD 148478|WEB 13658|IDS 16233-2613 A|** GNT    1A|WISEA J162924.49-262554.8
784400,81.28276355652378,6.3497032644440665,* gam Ori,TIC 365572007|PLX 1229|* gam Ori|*  24 Ori|AG+06  574|BD+06   919|CCDM J05252+0620A|CSI+06   919  1|CSV 100483|FK5  201|GC  6668|GCRV  3252|GEN# +1.00035438|GEN# +1.00035468|HD  35468|HGAM    397|HIC  25336|HIP  25336|HR  1790|IDS 05198+0615 A|IRC +10084|JP11  1071|MCW  308|N30 1162|NAME Bellatrix|NSV  1972|PMC 90-93   144|PPM 148916|ROT   793|SAO 112740|SKY#  8617|SV* ZI   374|TD1  4558|UBV    5149|UBV M  10933|[HFE83]  375|[SC93b] 179|uvby98 100035468|ALS 14777|PLX 1229.00|1RXS J052507.7+062103|EUVE J0525+06.3|2MASS J05250786+0620589|WDS J05251+0621A|TYC  113-1856-1|IRAS 05224+0618|AKARI-IRC-V1 J0525078+062058|WEB  4913
843879,88.79293899077537,7.407063995272694,* alf Ori,GEN# +1.00039801|TIC 269273552|2MASS J05551028+0724255|PLX 1362|*  58 Ori|* alf Ori|AAVSO 0549+07|ADS  4506 AP|AG+07  681|BD+07  1055|CCDM J05552+0724AP|CSI+07  1055  1|EIC   108|FK5  224|GC  7451|GCRV  3679|GSC 00129-01873|HD  39801|HIC  27989|HIP  27989|HR  2061|IRAS 05524+0723|IRC +10100|JP11  1282|N30 1266|NAME Betelgeuse|PMC 90-93   162|PPM 149643|RAFGL  836|SAO 113271|SKY#  9804|TD1  5587|TYC  129-1873-1|UBV   21314|V* alf Ori|YZ   7  2503|[LFO93] 0552+07|JCMTSE J055510.1+072426|PLX 1362.00|JCMTSF J055510.1+072426|WDS J05552+0724Aa,Ab|** H  639A|WDS J05552+0724Aa,Ac|WDS J05552+0724A|** KAR    1|WEB  5485
2997002,95.98795782918306,-52.69566138386201,* alf Car,TIC 255559489|2MASS J06235709-5241441|PLX 1497|* alf Car|1AXG J062403-5241|2E  1642|CEL   1228|CPC 19  2125|CPD-52   914|FK5  245|GC  8302|GCRV  4091|GEN# +1.00045348|HD  45348|HIC  30438|HIP  30438|HR  2326|IRAS 06228-5240|JP11  1384|N30 1391|NAME Canopus|PPM 335149|ROT  1039|SAO 234480|SKY# 10936|SRS  30245|TD1  7115|UBV    6431|UBV M  12094|uvby98 100045348|PLX 1497.00|1E 0622.8-5239|1ES 0622-52.6|1RXS J062357.2-524139|2E 0622.8-5240|2EUVE J0624-52.6|EUVE J0624-52.6|EXSS 0622.7-5240|TYC 8534-2277-1|WEB  6060
129059,2.2945215777878776,59.14978109800713,* bet Cas,Gaia DR3 423018377034969216|2MASS J00091071+5908591|LSPM J0009+5908|ASCC  155033|USNO-B1.0 1491-00004186|PLX   16|* bet Cas|*  11 Cas|2E    20|ADS   107 A|AG+58   16|BD+58     3|CCDM J00092+5909A|CEL     30|CSI+58     3  1|Ci 20   10|FK5    2|GC   147|GCRV    69|GEN# +1.00000432|GJ     8|HD    432|HIC    746|HIP    746|HR    21|IDS 00038+5836 A|IRAS 00065+5852|IRC +60004|JP11   346|LFT   15|LHS  1027|LTT 10046|N30   17|NAME Caph|TIC 396298498|NLTT   389|PMC 90-93     2|PPM  25054|RAFGL   21|ROT    60|SAO  21133|SKY#   277|TD1    38|UBV      63|UBV M   7167|USNO-A2.0 1425-00225287|V* bet Cas|[HFE83]    5|PLX   16.00|1RXS J000910.1+590903|2E 0006.5+5851|WDS J00092+5909A|TYC 3664-1985-1|uvby98 100000432|WEB   125
983635,113.64942845,31.88827619166667,* alf Gem A,ASCC  577313|LSPM J0734+3153W|*  66 Gem A|* alf Gem A|* alf02 Gem|ADS  6175 A|BD+32  1581A|CCDM J07346+3153A|CSI+32  1581  3|GCRV  5042|GJ   278 A|HD  60179|HGAM    574|HR  2891|NAME Castor A|ROT  1218|SBC7   313|WDS J07346+3153A|TYC 2457-2407-1|** STF 1110A|Renson 16450|PMSC 07282+3206A|PMSC 07282+3206Aab|SBC9 462|WEB  7320
92338,310.35797975307673,45.280338806527574,* alf Cyg,TIC 195554360|PLX 4935|* alf Cyg|*  50 Cyg|ADS 14172 A|AG+45 1730|ALS 11488|BD+44  3541|CCDM J20415+4517A|CEL   5144|CSI+44  3541  1|EM* MWC  351|FK5  777|GC 28846|GCRV 12971|GEN# +1.00197345|GSC 03574-03347|HD 197345|HIC 102098|HIP 102098|HR  7924|IDS 20380+4455 A|IRC +50337|JP11  3264|LS III +45   15|MCW  940|N30 4579|PMC 90-93   546|PPM  60323|RAFGL 2633|ROT  3019|SAO  49941|SKY# 39204|SV* ZI  1938|TD1 27159|TYC 3574-3347-1|UBV   17953|UBV M  25099|V* alf Cyg|[HFE83] 1387|[KW97] 48-33|2MASS J20412592+4516491|PLX 4935.00|WDS J20414+4517A|NAME Deneb|uvby98 100197345|WEB 18466
1863953,177.26490975591017,14.572058064829658,* bet Leo,TIC 14725877|PLX 2738|LSPM J1149+1434|ASCC  952815|2MASS J11490366+1434197|USNO-B1.0 1045-00205720|* bet Leo|*  94 Leo|ADS  8314 A|AG+14 1239|BD+15  2383|CCDM J11490+1433A|CSI+15  2383  1|CSV 101225|Ci 20  663|FK5  444|GC 16189|GCRV  7151|GEN# +1.00102647|GJ   448.0|GJ   448|HD 102647|HGAM    606|HIC  57632|HIP  57632|HR  4534|IDS 11440+1508 A|IRAS 11464+1451|IRC +10247|JP11  2102|LFT  853|LHS  2462|LTT 13249|N30 2755|NAME Denebola|NLTT 28642|NSV  5349|PM 11465+1451|PMC 90-93   319|PPM 128576|ROT  1752|SAO  99809|SKY# 22318|SV* ZI   900|TD1 15885|UBV   10637|UBV M  17408|V* bet Leo|[HFE83]  827|PLX 2738.00|WDS J11491+1434A|TYC  870-988-1|uvby98 100102647|WEB 10349
486427,165.9319646738126,61.751034687818226,* alf UMa,TIC 99843265|PLX 2575|SBC9 648|LSPM J1103+6145|ASCC  128139|USNO-B1.0 1517-00189768|* alf UMa|*  50 UMa|ADS  8035 AB|AG+62  691|BD+62  1161|CCDM J11037+6145AB|CSI+62  1161  1|CSV 101174|FK5  417|GC 15185|GCRV  6819|HD  95689|HIC  54061|HIP  54061|HR  4301|IRAS 11006+6201|IRC +60208|JP11  2021|N30 2598|NAME Dubhe|NSV  5070|PMC 90-93   299|PPM  17705|RAFGL 1454|ROT  1650|SAO  15384|SBC7   421|SKY# 21122|SV* ZI   866|TD1 15325|UBV M  16729|UBV   10086|USNO 838|[HFE83]  772|2MASS J11034364+6145034|PLX 2575.00|WDS J11037+6145AB|PMSC 10576+6217|** BU 1077AB|uvby98 100095689|WEB  9776|GEN# +1.00095689
794302,81.57297133176498,28.607451724998228,* bet Tau,1RXS J052619.9+283621|TIC 285473140|2MASS J05261751+2836271|PLX 1231|LSPM J0526+2836|ASCC  661203|USNO-B1.0 1186-00083031|* bet Tau|* gam Aur|* 112 Tau|AG+28  516|BD+28   795|CCDM J05263+2836A|CEL    688|CSI+28   795  1|FK5  202|GC  6681|GCRV  3257|GEN# +1.00035497|GSC 01859-01470|HD  35497|HGAM    398|HIC  25428|HIP  25428|HR  1791|IDS 05200+2831 A|IRC +30112|JP11  1072|N30 1163|NAME Elnath|PMC 90-93   145|PPM  94361|ROT   794|SAO  77168|SKY#  8655|SRS  30202|TD1  4565|TYC 1859-1470-1|UBV    3965|UBV    5151|UBV M  10935|uvby98 100035497|ALS 15829|PLX 1231.00|WDS J05263+2836A|Renson 9110|AKARI-IRC-V1 J0526175+283625|IRAS 05231+2833|WEB  4928|*  23 Aur
1428414,326.04648391416663,9.875008653333333,* eps Peg,IDS 21393+0925 A|TIC 466337046|* eps Peg|PLX 5242|*   8 Peg|AAVSO 2139+09|ADS 15268 A|AG+09 3049|BD+09  4891|CCDM J21441+0953A|CSI+09  4891  1|FK5  815|GC 30431|GCRV 13654|GEN# +1.00206778A|GSC 01125-02186|HD 206778|HIC 107315|HIP 107315|HR  8308|IRAS 21417+0938|IRC +10503|JP11  3392|MFU 235|N30 4790|NAME Enif|PMC 90-93   572|PPM 172188|RAFGL 2800|ROT  3159|SAO 127029|SKY# 41435|SV* ZI  2039|TD1 28404|TYC 1125-2186-1|UBV   18657|UBV M  25906|V* eps Peg|YZ   9 10916|[HFE83] 1460|[L91b] 347|2MASS J21441114+0952302|PLX 5242.00|WDS J21442+0953A|WEB 19379|Gaia DR2 1765433632573306496
1235748,344.4126927211701,-29.622237033389442,* alf PsA,TIC 47552789|PLX 5565|* alf PsA|*  24 PsA|8pc 130.08|CD-30 19370|CEL   5549|CPC 17 12409|CPD-30  6685|FK5  867|GC 32000|GCRV 14409|GEN# +1.00216956|GJ   881|GJ   881.0|HD 216956|HIC 113368|HIP 113368|HR  8728|IRAS 22549-2953|IRC -30458|JP11  3556|LTT  9292|N30 5050|NLTT 55380|NSV 14372|PMC 90-93   611|PPM 274426|RAFGL 2995|ROT  3340|SAO 191524|SKY# 43608|SRS  30867|TD1 29476|UBV   19672|UBV M  26732|Zkh 345|[PS72]  89|uvby98 100216956|JCMTSE J225739.4-293726|JCMTSF J225738.9-293714|PLX 5565.00|WDS J22577-2937A|** SHY  106A|2MASS J22573901-2937193|NAME Fomalhaut|** MAM    1A|H-ATLAS J225739.6-293730|TYC 6977-1267-1|[DML87] 545|WEB 20167|*  79 Aqr
1495651,31.79335709957655,23.46241755020095,* alf Ari,TIC 306349516|2MASS J02071038+2327447|PLX  436|LSPM J0207+2327|ASCC  744576|USNO-B1.0 1134-00030670|*  13 Ari|* alf Ari|AG+23  175|BD+22   306|CSV 100163|FK5   74|GC  2538|GCRV  1160|GEN# +1.00012929|GJ    84.3|GJ  9072|HD  12929|HIC   9884|HIP   9884|HR   617|IRAS 02043+2313|IRC +20038|JP11   587|LTT 10711|N30  431|NAME Hamal|NLTT  7032|NSV   725|PMC 90-93    52|PPM  91373|RAFGL 5063|ROT   295|SAO  75151|SKY#  3115|SRS  30074|SV* ZI   111|TD1  1227|UBV    2137|UBV M   8692|USNO 800|[B10]   447|uvby98 100012929|PLX  436.00|TYC 1758-2416-1|GSC 01758-02416|WEB  2075
2371233,276.0429933505963,-34.38461648586744,* eps Sgr,UCAC4 279-185534|WISE J182410.41-342310.0|WDS J18242-3423A|** GOL    2A|TIC 66389641|PLX 4222|* eps Sgr|*  20 Sgr|2E  4062|CCDM J18242-3423A|CD-34 12784|CPC 17  9906|CSI-34 12784 21|FK5  689|GC 25100|GCRV 10865|GEN# +1.00169022|GSC 07401-03471|HD 169022|HIC  90185|HIP  90185|HR  6879|IDS 18175-3427 A|JP11  2965|N30 4084|NAME Kaus Australis|PMC 90-93   491|PPM 297655|SAO 210091|SKY# 33590|SRS  30689|TYC 7401-3471-1|UBV M  22887|UBV   15626|[SC95] M 591|[SC96] GC 585|[SC96] Mis 1335|uvby98 100169022|ALS 15808|PLX 4222.00|2E 1820.8-3424|EUVE J1824-34.3|IRAS 18208-3424|** SEE  351A|1RXS J182410.8-342259|2MASS J18241032-3423046|WEB 15421
390420,222.67635749796767,74.15550393675127,* bet UMi,TIC 229540730|PLX 3373|*   7 UMi|* bet UMi|AG+74  412|BD+74   595|CCDM J14506+7410A|CSI+74   595  1|CSV 101477|FK5  550|GC 20029|GCRV  8646|GSC 04416-01799|HD 131873|HIC  72607|HIP  72607|HR  5563|IDS 14510+7434 A|IRAS 14508+7421|IRC +70125|JP11  2549|N30 3361|NAME Kochab|NSV  6846|PMC 90-93   390|PPM   8758|RAFGL 1740|ROT  2127|SAO   8102|SKY# 26960|SV* ZI  1097|TD1 17825|TYC 4416-1799-1|UBV   12983|UBV M  20451|USNO 853|[HFE83] 1055|[L91b] 244|2MASS J14504235+7409199|PLX 3373.00|WDS J14507+7409A|uvby98 100131873|WEB 12482|** BUP  159A|GEN# +1.00131873
1546016,17.43301617293042,35.62055765052624,* bet And,AP J01094391+3537137|IDS 01041+3505 A|TIC 174500619|2MASS J01094391+3537137|PLX  238|LSPM J0109+3537|TYC 2286-1329-1|ASCC  457661|USNO-B1.0 1256-00017957|* bet And|*  43 And|ADS   949 A|AG+35  106|BD+34   198|CCDM J01097+3537A|CSI+34   198  1|CSV 100088|FK5   42|GC  1400|GCRV   666|GEN# +1.00006860|GJ    53.3|GJ  9044|HD   6860|HIC   5447|HIP   5447|HR   337|IRAS 01069+3521|IRC +40019|JP11   470|LTT 10420|N30  232|NAME MIRACH|NLTT  3848|NSV   414|PMC 90-93    29|PPM  66010|RAFGL  164|SAO  54471|SKY#  1772|SRS  30042|TD1   662|UBV    1186|UBV M   7980|[DS98]  16|[HFE83]   55|PLX  238.00|Pul -3   90190|WDS J01097+3537A|WEB  1192|Karmn J01097+356
1447433,346.19022269142596,15.205267147927536,* alf Peg,Gaia DR3 2816504901198512768|TIC 217777441|PLX 5587|* alf Peg|*  54 Peg|AAVSO 2259+14B|AG+14 2576|BD+14  4926|FK5  871|GC 32149|GCRV 14477|GEN# +1.00218045|HD 218045|HGAM   1114|HIC 113963|HIP 113963|HR  8781|IRAS 23022+1456|IRC +10526|JP11  3581|N30 5074|NAME Markab|PMC 90-93   614|PPM 142158|ROT  3360|SAO 108378|SKY# 43805|SRS  30871|TD1 29586|UBV   19775|UBV M  26811|uvby98 100218045|2MASS J23044565+1512191|ALS 16176|PLX 5587.00|TYC 1711-2475-1|WEB 20238
534420,165.46031890416668,56.38242608666667,* bet UMa,TIC 141120277|PLX 2567|*  48 UMa|* bet UMa|AAVSO 1055+56|AG+56  832|BD+57  1302|CEL   3775|CSV 101172|FK5  416|GC 15145|GCRV  6809|GEN# +1.00095418|GJ  9343|GSC 03827-01079|HD  95418|HGAM    601|HIC  53910|HIP  53910|HR  4295|IRAS 10588+5639|IRC +60206|JP11  2018|N30 2593|NAME Merak|NSV  5053|PMC 90-93   298|PPM  32912|ROT  1646|SAO  27876|SKY# 21076|SV* ZI   863|TD1 15303|TYC 3827-1079-1|UBV   10075|UBV M  16711|[HFE83]  770|uvby98 100095418|2MASS J11015046+5622566|PLX 2567.00|Renson 27493|WEB  9758|Gaia DR2 856096765752993280
180100,51.08070871833333,49.86117929305556,* alf Per,TIC 252830952|2MASS J03241936+4951401|PLX  707|*  33 Per|* alf Per|AG+49  396|BD+49   917|CCDM J03243+4951A|CSI+49   917  1|CSV 100269|FK5  120|GC  4041|GCRV  1871|GEN# +5.20200605|GSC 03320-02808|HD  20902|HIC  15863|HIP  15863|HR  1017|IDS 03171+4930 A|IRAS 03207+4941|IRC +50095|JP11  4562|N30  690|NAME Mirfak|NSV  1125|PMC 90-93    85|PPM  46127|RAFGL  487|ROT   464|SAO  38787|SKY#  5117|SV* ZI   183|TD1  2127|TYC 3320-2808-1|UBV    3256|UBV M  40922|[HFE83]  221|uvby98 520200605|Cl Melotte   20   605|Cl* Melotte   20    MMU     605|PLX  707.00|WDS J03243+4952A|WEB  3026
895236,95.67493896958332,-17.955918708888888,* bet CMa,TIC 34590771|PLX 1481|*   2 CMa|* bet CMa|1RXS J062242.0-175726|2E  1637|2RE J0622-175|2RE J062240-175711|BD-17  1467|CCDM J06227-1757A|CEL   1207|CSI-17  1467  1|FK5  243|GC  8223|GCRV  4051|GEN# +1.00044743|HD  44743|HGAM    524|HIC  30324|HIP  30324|HR  2294|IDS 06183-1755 A|IRC -20092|JP11  1375|MCW  426|N30 1376|NAME Mirzam|PMC 90-93   175|PPM 217099|RE J0622-175|RE J062240-175703|ROT  1027|SACS 140|SAO 151428|SKY# 10875|SRS  30243|TD1  6953|UBV    6391|UBV M  12037|V* bet CMa|ALS 15801|PLX 1481.00|2E 0620.5-1755|2EUVE J0622-17.9|EUVE J0622-17.9|RX J0622.7-1757|WDS J06227-1757A|TYC 5938-2918-1|IRAS 06204-1755|AKARI-IRC-V1 J0622419-175721|2MASS J06224199-1757215|uvby98 100044743|WEB  6031
529550,200.98142616882203,54.925359883302775,* zet01 UMa,Gaia DR3 1563590579347125632|2MASS J13235563+5455292|UCAC4 725-051078|PLX 3062|SBC9 764|* zet UMa A|*  79 UMa A|* zet01 UMa|ADS  8891 A|AG+55  884|CCDM J13240+5456AB|CEL   4252|CSI+55  1598  1|CSV 101381|FK5  497|GC 18133|GCRV  7958|HD 116656|HGAM    622|HR  5054|N30 3065|NSV  6224|PMC 90-93   353|PPM  34007|ROT  3516|SAO  28737|SBC7   485|SKY# 24722|SV* ZI  1000|TYC 3850-1385-1|UBV   12100|[HFE83]  949|WDS J13239+5456Aa,Ab|** STF 1744A|Renson 33650|BD+55  1598A|** PEA    1|WDS J13239+5456A|WISE J132355.98+545527.5|PMSC 13199+5527A|PMSC 13199+5527Aab|NAME Mizar A|WEB 11538|GJ  3783|GEN# +1.00116656
1035794,120.89603140977576,-40.003147798268934,* zet Pup,Gaia DR3 5534788672055388032|TIC 133422778|2MASS J08033506-4000112|* zet Pup|2E  1910|ALS   949|CD-39  3939|CEL   2154|CGO 179|CMC  198752|CPC 18  3433|CPD-39  2011|EM* CDS  710|EUVE J0803-40.0|FK5  306|GC 10947|GCRV  5359|GEN# +1.00066811|GOS G255.98-04.71 01|GSC 07663-04093|HD  66811|HIC  39429|HIP  39429|HR  3165|IRAS 08018-3951|JP11  1626|LS  949|MCW  547|N30 1854|PMC 90-93   223|PPM 312524|ROT  1295|SACS 175|SAO 198752|SKY# 15171|SRS  30306|TD1 11723|TYC 7663-4093-1|UBV    7751|UBV M  13965|[B10]  2141|[HJ56] 111|uvby98 100066811|1ES 0801-39.8|2E 0801.8-3951|NAME Naos|EQ 0801-39.8|[BVP2003] S2|1RXS J080335.8-400110|MOST 0801-398|V* zet Pup|2XMM J080335.0-400011|UCAC4 250-023940|WEB  7714
2503532,283.81636040649323,-26.29672411476388,* sig Sgr,WISE J185515.72-261750.5|UCAC4 319-206211|TIC 91093307|* sig Sgr|*  34 Sgr|CCDM J18552-2618A|CD-26 13595|CPD-26  6590|FK5  706|GC 25941|GCRV 11359|GEN# +1.00175191|GSC 06868-01829|HD 175191|HIC  92855|HIP  92855|HR  7121|IDS 18491-2625 A|IRAS 18521-2621|IRC -30396|JP11  3036|N30 4193|NAME Nunki|PMC 90-93   501|PPM 269078|ROT  2679|SAO 187448|SKY# 34848|SRS  30706|TD1 23447|TYC 6868-1829-1|UBV   16048|UBV M  23293|[B10]  4784|uvby98 100175191 A|2MASS J18551592-2617481|ALS 15063|PLX 4365.01|WDS J18553-2618Aa,Ab|WEB 16074|** BED    1|** SMY    4A|WDS J18553-2618A
3435139,306.4119043651986,-56.73508972631689,* alf Pav,TIC 219974785|SBC9 1234|* alf Pav|CCDM J20257-5644A|CPC 20  6489|CPD-57  9674|CSI-57  9674 41|FK5  764|GC 28374|GCRV 12742|GEN# +1.00193924A|GSC 08785-01898|HD 193924|HIC 100751|HIP 100751|HR  7790|IDS 20178-5703 A|JP11  3235|N30 4510|NAME Peacock|PPM 348537|ROT  2969|SACS 447|SAO 246574|SBC7   810|SKY# 38611|TD1 26602|TYC 8785-1898-1|UBV   17659|UBV M  24775|uvby98 100193924 A|2MASS J20253886-5644062|ALS 16177|WDS J20256-5644A|AKARI-IRC-V1 J2025388-564406|IRAS 20217-5653|WEB 18206
550487,178.45769715249997,53.69475972916666,* gam UMa,Gaia DR3 792588939773693568|TIC 11895653|PLX 2749|* gam UMa|*  64 UMa|AC2000 1609350|AG+53  826|BD+54  1475|CEL   4005|CSV 101229|EM* MWC  583|FK5  447|GC 16268|GCRV  7177|GEN# +1.00103287|GSC 03833-01034|HD 103287|HGAM    607|HIC  58001|HIP  58001|HR  4554|IRAS 11512+5358|IRC +50215|JP11  2124|N30 2769|NAME Phecda|NSV  5379|PMC 90-93   321|PPM  33292|RAFGL 4831S|ROT  1756|SAO  28179|SKY# 22423|SV* ZI   904|TD1 15932|TYC 3833-1034-1|UBV   10684|UBV M  17477|[HFE83]  832|uvby98 100103287|2MASS J11534983+5341408|PLX 2749.00|[ZEH2003] RX J1153.8+5341  1|RX J1153.8+5341|1RXS J115352.3+534153|** SHY  227A|WDS J11538+5342A|WEB 10387
317713,37.954560670189856,89.26410896994187,* alf UMi,TIC 303256075|NAME Lodestar|PLX  299|SBC9 76|*   1 UMi|* alf UMi|AAVSO 0122+88|ADS  1477 A|AG+89    4|BD+88     8|CCDM J02319+8915A|CSI+88     8  1|FK5  907|GC  2243|GCRV  1037|GEN# +1.00008890A|GSC 04628-00237|HD   8890|HIC  11767|HIP  11767|HR   424|IDS 01226+8846 A|IRAS 01490+8901|JP11   498|N30  381|NAME Polaris|PMC 90-93   640|PPM    431|ROT  3491|SAO    308|SBC7    51|SKY#  3738|TD1   835|TYC 4628-237-1|UBV   21589|UBV M   8201|V* alf UMi|PLX  299.00|WDS J02318+8916Aa,Ab|ADS  1477 AP|** WRH   39|WDS J02318+8916A|** STF   93A|2MASS J02314822+8915503|NAME North Star|WEB  2438
1003999,116.32895777437875,28.02619889009357,* bet Gem,TIC 423088367|PLX 1826|LSPM J0745+2801|ASCC  674757|USNO-B1.0 1180-00191173|*  78 Gem|* bet Gem|2E  1872|ADS  6335 A|AG+28  833|BD+28  1463|CCDM J07454+2802A|CSI+28  1463  1|CSV 100892|CTI 074434.0+280331|Ci 20  437|FK5  295|GC 10438|GCRV  5166|GJ   286|HD  62509|HIC  37826|HIP  37826|HR  2990|IDS 07392+2816 A|IRAS 07422+2808|IRC +30194|JP11  1588|LFT  548|LHS  1945|LTT 12065|N30 1758|NLTT 18379|NSV  3712|PM 07423+2809|PMC 90-93   216|PPM  97924|RAFGL 1183|ROT  1249|SAO  79666|SKY# 14351|SRS  30295|SV* ZI   656|TD1 10866|UBV    7418|UBV M  13566|2MASS J07451891+2801340|PLX 1826.00|2E 0742.2+2808|1RXS J074519.3+280123|WDS J07453+2802A|TYC 1920-2194-1|uvby98 100062509|NAME Pollux|WEB  7472|** BU  580A|GEN# +1.00062509
988145,114.82549790798149,5.224987557059477,* alf CMi,GALAH 141101003801339|AP J07391805+0513298|TIC 280310048|PLX 1805|SBC9 467|LSPM J0739+0513|ASCC 1030621|USNO-B1.0 0952-00146563|*  10 CMi|* alf CMi|1AXG J073918+0514|1C 12.01|2E  1849|2RE J0739+051|2RE J073918+051351|AG+05 1072|BD+05  1739|CSI+05  1739  1|CSI+05  1739  5|CSV 100884|Ci 20  432|FAUST 1387|FK5  291|GC 10277|GCRV  5099|HD  61421|HIC  37279|HIP  37279|HR  2943|IRAS 07366+0520|IRC +10170|JP11  1576|LFT  541|LHS   233|LTT 12053|N30 1726|NAME Procyon|NLTT 18229|NSV  3672|PM 07367+0521|PMC 90-93   212|PPM 153068|RAFGL 1161|RE J0739+051|RE J073917+051339|ROT  1234|SAO 115756|SBC7   317|SKY# 14100|SPOCS  352|SV* ZI   646|TD1 10647|UBV    7352|USNO 825|Zkh 106|[HFE83]  530|2MASS J07391805+0513298|1ES 0736+05.3|1RXS J073918.3+051332|2E 0736.6+0520|2EUVE J0739+05.2|EUVE J0739+05.2|RX J0739.3+0513|[TSA98] J073919.85+051356.36|TYC  187-2184-1|GJ   280.0|GJ   280|AKARI-FIS-V1 J0739178+051322|uvby98 100061421|WEB  7381|GEN# +1.00061421|GJ   280 A|8pc 285.93A|* alf CMi A|** SHB    1A|IDS 07341+0529 A|WDS J07393+0514A|CCDM J07393+0514A|NAME Procyon A
1689590,152.09296243828146,11.967208776100023,* alf Leo,AP J10082229+1158018|TIC 357348164|PLX 2384|LSPM J1008+1158|ASCC  949713|USNO-B1.0 1019-00203254|* alf Leo|*  32 Leo|2E  2231|ADS  7654 A|AG+12 1199|BD+12  2149|CCDM J10083+1159A|CSI+12  2149  1|CSV 101099|FK5  380|GC 13926|GCRV  6417|GEN# +1.00087901A|GJ  9316 A|HD  87901|HGAM    596|HIC  49669|HIP  49669|HR  3982|IRAS 10056+1212|IRC +10226|JP11  1896|LTT 12716|N30 2414|NAME Regulus|NLTT 23490|NSV  4750|PMC 90-93   274|PPM 127140|RAFGL 4771S|ROT  1536|SAO  98967|SKY# 19511|SRS  30380|SV* ZI   793|TD1 14585|UBV    9452|UBV M  15960|YPAC  43|[HFE83]  708|uvby98 100087901 A|2MASS J10082229+1158018|WDS J10084+1158A|2E 1005.5+1213|TYC  833-1381-1|PMSC 10030+1227A|** STF 5006A|WEB  9160
771345,78.63446706693006,-8.201638364722209,* bet Ori,TIC 231308237|2MASS J05143226-0812060|PLX 1191|* bet Ori|*  19 Ori|* bet Ori A|2E  1238|AAVSO 0509-08|ADS  3823 A|BD-08  1063|CCDM J05145-0812A|CEL    579|CSI-08  1063  1|CSV 100463|EM* MWC  487|FK5  194|GC  6410|GCRV  3110|GSC 05331-01752|HD  34085|HGAM    376|HIC  24436|HIP  24436|HR  1713|IDS 05097-0819 A|IRAS 05121-0815|IRC -10085|JP11  1014|MCW  291|N30 1120|NSV  1882|PMC 90-93   140|PPM 187839|RAFGL  710|ROT   749|SACS 113|SAO 131907|SKY#  8263|SV* ZI   362|TD1  4253|UBV    5016|UBV M  10750|V* bet Ori|VDB  36|[SC93b] 101|ALS 14772|PLX 1191.00|1RXS J051431.5-081112|2E 0512.1-0814|EUVE J0514-08.1|WDS J05145-0812A|TYC 5331-1752-1|PMSC 05097-0819A|uvby98 100034085|GN 05.04.0|NAME Rigel|WEB  4731
52992,305.55709098208337,40.25667915638889,* gam Cyg,Gaia DR3 2067518817314952576|** BU  665A|TIC 13431346|PLX 4857|NAME SADR|*  37 Cyg|* gam Cyg|ADS 13765 A|AG+40 2025|ALS 11235|BD+39  4159|CCDM J20222+4015A|CSI+39  4159  1|CSV 101987|FK5  765|GC 28338|GCRV 12723|GEN# +1.00194093|GSC 03156-02223|HD 194093|HIC 100453|HIP 100453|HR  7796|IDS 20186+3956 A|IRAS 20204+4005|IRC +40411|JP11  3239|LS  II +40   23|N30 4504|NSV 13048|PMC 90-93   540|PPM  59799|RAFGL 2565|ROT  2973|SAO  49528|SKY# 38484|TD1 26627|TYC 3156-2223-1|UBV   17671|UBV M  24788|[B10]  5229|uvby98 100194093|2MASS J20221370+4015241|PLX 4857.00|WDS J20222+4015A|WEB 18138
830758,86.93912016833333,-9.66960491861111,* kap Ori,Gaia DR3 3011968416163350272|TIC 66651575|2MASS J05474538-0940105|PLX 1330|*  53 Ori|* kap Ori|2E  1562|AAVSO 0543-09|BD-09  1235|CEL    976|CSV 100683|FK5  220|GC  7264|GCRV  3603|GEN# +1.00038771|GSC 05351-00760|HD  38771|HGAM    477|HIC  27366|HIP  27366|HR  2004|IRAS 05453-0941|IRC -10098|JP11  1262|KMS 121|MCW  363|N30 1242|NAME Saiph|NSV  2641|PMC 90-93   158|PPM 188455|ROT   929|SAO 132542|SKY#  9544|SV* ZI   484|TD1  5371|TYC 5351-760-1|UBV    5932|UBV M  11510|WH 507|[HFE83]  401|[SC93b] 444|uvby98 100038771|ALS 14795|PLX 1330.00|1E 0545.4-0940|1RXS J054745.2-094013|2E 0545.3-0941|WEB  5378|EUVE J0547-09.6
1500441,345.9435727452067,28.082787124606668,* bet Peg,TIC 436774002|PLX 5583|* bet Peg|LSPM J2303+2804|TYC 2243-1831-1|ASCC  736306|USNO-B1.0 1180-00701793|*  53 Peg|ADS 16483 A|AG+27 2710|BD+27  4480|CCDM J23038+2804A|CSI+27  4480  1|FK5  870|GC 32135|GCRV 14468|GEN# +1.00217906|HD 217906|HIC 113881|HIP 113881|HR  8775|IDS 22589+2732 A|IRAS 23013+2748|IRC +30504|JP11  3574|LTT 16769|N30 5071|NAME Scheat|NLTT 55708|PMC 90-93   613|PPM 115095|RAFGL 3017|SAO  90981|SKY# 43781|SRS  30870|TD1 29573|UBV   21419|UBV M  26800|V* bet Peg|YZ  27 13858|[DS98] 333|2MASS J23034644+2804580|PLX 5583.00|CTI 230310.5+280045|WDS J23038+2805A|WEB 20229
106481,10.126837782916667,56.53733115833333,* alf Cas,Gaia DR3 418551920284673408|IDS 00348+5559 A|TIC 312141546|2MASS J00403044+5632145|PLX  114|* alf Cas|*  18 Cas|AAVSO 0034+55|ADS   561 A|AG+56   65|BD+55   139|CCDM J00405+5632A|CSI+55   139  1|FK5   21|GC   792|GCRV   364|GEN# +1.00003712|GSC 03663-02668|HD   3712|HIC   3179|HIP   3179|HR   168|IRAS 00376+5615|IRC +60017|JP11   402|N30  133|NAME Schedar|PMC 90-93    15|PPM  25578|RAFGL  100|ROT   121|SAO  21609|SKY#  1065|TD1   360|TYC 3663-2668-1|UBV     517|UBV M   7548|V* alf Cas|PLX  114.00|WDS J00405+5632A|WEB   569|Gaia DR2 418551920279473536
2347504,263.40216718438023,-37.10382355111976,* lam Sco,TIC 465088681|*  35 Sco|* lam Sco|CCDM J17336-3706A|CD-37 11673|CPC 18  8791|CPD-37  7265|CSI-37 11673 21|FK5  652|GC 23769|GCRV 10136|GEN# +1.00158926|GSC 07388-01093|HD 158926|HIC  85927|HIP  85927|HR  6527|IDS 17268-3702 A|IRAS 17302-3704|JP11  2862|N30 3905|NAME Shaula|PMC 90-93   462|PPM 296488|ROT  2459|SACS 383|SAO 208954|SKY# 31695|SRS  30652|TD1 20577|TYC 7388-1093-1|UBV M  22240|UBV   14937|V* lam Sco|[B10]  4439|[SC95] ZET 456|[SC96] Mis  521|[SC96] GC  99|2MASS J17333652-3706135|ALS 15082|1E 1730.2-3704|1RXS J173336.7-370604|EUVE J1733-37.1|WDS J17336-3706A|WDS J17336-3706Aa,Ab|** TNG    1|** SEE  334A|** DUN  218A|WD 1730-370|uvby98 100158926|WEB 14501
8399845,101.28715533333335,-16.71611586111111,* alf CMa,TIC 322899250|* alf CMa|HR  2491|LHS   219|GC  8833|SAO 151881|*   9 CMa|BD-16  1591|HD  48915|NAME Dog Star|NSV 17173|TD1  8027|UBV    6709|IRC -20105|RAFGL 1007|IRAS 06429-1639|2MASS J06450887-1642566|NAME Sirius|HIC  32349|HIP  32349|IRAS S06429-1639|IRAS S06430-1639|AKARI-FIS-V1 J0645085-164258|WEB  6525|** AGC    1A|PLX 1577|SBC9 416|* alf CMa A|8pc 379.21A|ADS  5423 A|CCDM J06451-1643A|CEL   1368|CSI-16  1591  1|Ci 20  396|FK5  257|GAT  474|GCRV  4392|GEN# +1.00048915A|GJ   244 A|HGAM    556|IDS 06408-1635 A|JP11  1425|LFT  486|LPM 243|LTT  2638|N30 1470|NAME Sirius A|NLTT 16953|PM 06430-1639A|PMC 90-93   186|PPM 217626|ROT  1088|SBC7   288|SKY# 11855|UBV M  12413|USNO 816|Zkh  91|uvby98 100048915 A|WDS J06451-1643A|TYC 5949-2777-1|Renson 13090|BD-16  1591A|HD  48915A
2140887,201.2982473615632,-11.161319485111932,* alf Vir,TIC 178999156|PLX 3063|SBC9 766|IRAS 13225-1054|AKARI-IRC-V1 J1325115-110940|* alf Vir|*  67 Vir|2E  3039|2RE J132508-111117|2RE J1325-111|BD-10  3672|CCDM J13252-1109A|CSI-10  3672  1|FK5  498|GC 18144|GCRV  7963|GEN# +1.00116658|GSC 05547-01518|HD 116658|HGAM    623|HIC  65474|HIP  65474|HR  5056|IDS 13200-1038 A|IRC -10286|JP11  2392|MCW  553|N30 3066|NAME Spica|PMC 90-93   354|PPM 227262|RAFGL 1622|RBS  1263|RE J132512-110856|RE J1325-110|ROT  1963|SACS 290|SAO 157923|SBC7   487|SKY# 24751|TD1 16831|TYC 5547-1518-1|UBV   12103|UBV M  19362|V* alf Vir|2MASS J13251158-1109404|ALS 14813|1ES 1322-10.8|1RXS J132511.6-110932|2E 1322.5-1053|EUVE J1325-11.1|RX J1325.2-1109|WDS J13252-1110A|PMSC 13199-1038Aabcd|uvby98 100116658|WEB 11556
2900336,279.234734787025,38.783688956244,* alf Lyr,TIC 157587146|PLX 4293|LSPM J1836+3847|ASCC  507896|2MASS J18365633+3847012|USNO-B1.0 1287-00305764|* alf Lyr|*   3 Lyr|8pc 128.93|ADS 11510 A|AG+38 1711|BD+38  3238|CCDM J18369+3847A|CEL   4636|CSI+38  3238  1|CSV 101745|FK5  699|GC 25466|GCRV 11085|GEN# +1.00172167|GJ   721|HD 172167|HGAM    706|HIC  91262|HIP  91262|HR  7001|IDS 18336+3841 A|IRAS 18352+3844|IRC +40322|JP11  2999|LTT 15486|N30 4138|NAME Vega|NLTT 46746|NSV 11128|PMC 90-93   496|PPM  81558|RAFGL 2208|ROT  2633|SAO  67174|SKY# 34103|TD1 22883|UBV   15842|UBV M  23118|USNO 882|V* alf Lyr|Zkh 277|[HFE83] 1223|PLX 4293.00|1E 183515+3844.3|EUVE J1836+38.7|WDS J18369+3846A|TYC 3105-2070-1|GJ   721.0|GAT 1285|JCMTSF J183656.4+384709|JCMTSE J183656.4+384709|IRAS F18352+3844|AKARI-IRC-V1 J1836564+384703|WISE J183656.49+384703.9|EQ 183456.7+384615.4|uvby98 100172167|WEB 15681
962991,107.09785021416667,-26.39319957888889,* del CMa,TIC 64602863|2MASS J07082348-2623354|Cl* Collinder  121    MMU      31|Cl Collinder  121    31|PLX 1673|*  25 CMa|* del CMa|CD-26  3916|CPD-26  1793|FK5  273|GC  9443|GCRV  4704|GEN# +5.11210031|GSC 06532-05001|HD  54605|HIC  34444|HIP  34444|HR  2693|IRAS 07063-2618|IRC -30076|JP11  4547|N30 1568|NSV  3424|PMC 90-93   196|PPM 251718|RAFGL 1078|ROT  1146|SACS 156|SAO 173047|SKY# 12832|SRS  30273|TD1  9243|TYC 6532-5001-1|UBV    6983|UBV M  12924|UBV M  40652|uvby98 511210031|PLX 1673.00|NAME Wezen|WEB  6902
